City_ID,City,Lat,Lng,Max Temp,Humidity,Cloudiness,Wind Speed,Country,Date
0,puerto lleras,3.0223,-73.4044,31.56,54,93,0.73,CO,1728917557
1,puerto ayora,-0.7393,-90.3518,21.42,95,89,1.79,EC,1728917559
2,port-aux-francais,-49.35,70.2167,2.43,66,40,11.95,TF,1728917560
3,smithers,54.7804,-127.1743,7.18,100,75,1.03,CA,1728917561
4,mili,6.0815,171.735,29.21,74,64,5.95,MH,1728917562
5,quibdo,5.6947,-76.6611,27.19,89,40,0.0,CO,1728917563
6,moquegua,-17.1956,-70.9353,25.49,20,100,3.29,PE,1728917484
7,cestos city,5.46,-9.5828,24.12,91,100,3.58,LR,1728917565
8,olonkinbyen,70.9221,-8.7187,-2.07,89,99,8.01,SJ,1728917566
9,adamstown,-25.066,-130.1015,20.79,80,100,10.89,PN,1728917568
10,alaghsas,17.0187,8.0168,37.94,9,0,3.09,NE,1728917569
11,arraial do cabo,-22.9661,-42.0278,25.98,53,20,6.17,BR,1728917570
12,waitangi,-43.9535,-176.5597,9.9,97,100,0.45,NZ,1728917572
13,colonia,50.9333,6.95,11.09,88,75,2.06,DE,1728917530
14,georgetown,5.4112,100.3354,28.96,88,40,2.68,MY,1728917569
15,laojunmiao,39.8333,97.7333,10.49,38,72,4.4,CN,1728917576
16,businga,3.3333,20.8833,25.55,95,98,0.19,CD,1728917577
17,xiva,41.3783,60.3639,10.73,37,15,3.45,UZ,1728917578
18,portland,45.5234,-122.6762,13.86,92,75,3.09,US,1728917138
19,avarua,-21.2078,-159.775,20.03,77,75,1.03,CK,1728917581
20,salalah,17.0151,54.0924,29.05,79,0,2.57,OM,1728917583
21,grytviken,-54.2811,-36.5092,2.18,91,68,6.23,GS,1728917584
22,dhidhdhoo,6.8833,73.1,28.2,77,100,6.28,MV,1728917585
23,harper,4.375,-7.7169,26.39,80,90,5.25,LR,1728917586
24,walvis bay,-22.9575,14.5053,18.53,68,0,4.12,NA,1728917587
25,at taj,24.2049,23.2857,35.38,15,0,5.49,LY,1728917589
26,bandar-e lengeh,26.5579,54.8807,33.06,49,0,2.06,IR,1728917590
27,inirida,3.8653,-67.9239,30.12,54,100,0.39,CO,1728917591
28,iqaluit,63.7506,-68.5145,-0.15,80,75,9.77,CA,1728917419
29,greenville,35.6127,-77.3663,23.41,70,0,3.09,US,1728917414
30,saint-philippe,-21.3585,55.7679,21.92,78,34,5.32,RE,1728917594
31,tofol,5.3248,163.0078,28.85,77,100,6.27,FM,1728917595
32,codrington,-38.2667,141.9667,10.8,92,25,5.93,AU,1728917597
33,edinburgh of the seven seas,-37.0676,-12.3116,13.73,94,100,13.74,SH,1728917598
34,puerto natales,-51.7236,-72.4875,11.25,50,75,11.32,CL,1728917599
35,college,64.8569,-147.8028,-1.03,92,100,1.54,US,1728917600
36,petropavlovsk-kamchatsky,53.0452,158.6483,6.33,57,0,5.0,RU,1728917601
37,malango,-2.9627,119.9001,19.53,99,100,0.79,ID,1728917602
38,tazacorte,28.629,-17.9293,25.54,74,20,4.63,ES,1728917603
39,saipan,15.1355,145.701,27.39,83,40,2.06,MP,1728917605
40,aasiaat,68.7098,-52.8699,-0.97,84,78,0.75,GL,1728917609
41,oriximina,-1.7656,-55.8661,36.43,35,100,1.39,BR,1728917595
42,isafjordur,66.0755,-23.124,2.02,64,100,4.12,IS,1728917611
43,sitka,57.0531,-135.33,9.94,71,100,4.63,US,1728917612
44,albany,42.6001,-73.9662,8.65,81,100,1.33,US,1728917497
45,brookings,44.3114,-96.7984,4.54,84,91,0.54,US,1728917614
46,phang nga,8.4509,98.5298,24.55,95,98,1.04,TH,1728917615
47,anadyr,64.75,177.4833,-3.72,85,100,1.0,RU,1728917617
48,kozan,37.4552,35.8157,25.62,54,68,2.49,TR,1728917618
49,sao vicente,-23.9631,-46.3919,22.21,26,100,3.6,BR,1728917619
50,thompson,55.7435,-97.8558,-3.91,100,20,1.54,CA,1728917620
51,nar'yan-mar,67.6713,53.087,1.03,98,100,4.7,RU,1728917621
52,new norfolk,-42.7826,147.0587,4.4,98,0,0.56,AU,1728917622
53,qaqortoq,60.7167,-46.0333,5.31,42,72,2.0,GL,1728917623
54,bengkulu,-3.8004,102.2655,25.72,83,100,1.2,ID,1728917343
55,alto barinas,8.5931,-70.2261,28.36,66,100,1.2,VE,1728917625
56,aktau,43.65,51.2,7.32,31,71,6.56,KZ,1728917627
57,bilibino,68.0546,166.4372,-5.07,96,100,1.15,RU,1728917628
58,margaret river,-33.95,115.0667,13.77,77,46,6.41,AU,1728917629
59,talnakh,69.4865,88.3972,-14.96,94,53,4.21,RU,1728917630
60,garoowe,8.4054,48.4845,30.89,40,60,5.6,SO,1728917631
61,nahiyat ash shinafiyah,31.5874,44.6602,35.43,12,0,3.3,IQ,1728917632
62,kapuskasing,49.4169,-82.4331,3.05,93,100,4.63,CA,1728917633
63,lugoff,34.2274,-80.6892,24.05,65,0,2.57,US,1728917634
64,eforie sud,44.0229,28.6494,17.71,61,45,4.56,RO,1728917636
65,invercargill,-46.4,168.35,7.23,74,74,2.68,NZ,1728917637
66,vuktyl,63.8567,57.3094,0.98,77,100,4.8,RU,1728917638
67,altus,34.6381,-99.334,15.55,32,0,4.63,US,1728917639
68,bethel,41.3712,-73.414,11.05,82,100,0.0,US,1728917434
69,ghadamis,30.1337,9.5007,36.17,21,0,5.05,LY,1728917641
70,sisimiut,66.9395,-53.6735,1.06,66,45,2.23,GL,1728917642
71,tralee,52.2704,-9.7026,13.14,82,40,3.09,IE,1728917643
72,vorgashor,67.5833,63.95,0.22,98,100,4.38,RU,1728917644
73,rupert,42.6191,-113.6772,3.97,87,0,1.54,US,1728917646
74,papao,-17.75,-149.55,22.82,80,100,3.98,PF,1728917647
75,port mathurin,-19.6833,63.4167,22.66,74,42,9.48,MU,1728917648
76,narsipatnam,17.6667,82.6167,24.61,93,100,1.97,IN,1728917649
77,carbonear,47.7332,-53.2148,11.75,74,38,4.31,CA,1728917651
78,prince rupert,54.3161,-130.3201,9.83,92,100,8.75,CA,1728917652
79,gouyave,12.1646,-61.7296,31.43,70,20,6.17,GD,1728917654
80,tiksi,71.6872,128.8694,-12.98,87,99,6.46,RU,1728917655
81,ilulissat,69.2167,-51.1,-0.99,80,75,6.17,GL,1728917656
82,klyuchi,52.2667,79.1667,-3.44,79,15,1.94,RU,1728917657
83,port alfred,-33.5906,26.891,16.77,82,57,2.24,ZA,1728917658
84,papatowai,-46.5619,169.4708,5.72,80,43,4.89,NZ,1728917659
85,atafu village,-8.5421,-172.5159,27.99,74,46,6.01,TK,1728917660
86,ribeira grande,38.5167,-28.7,23.22,78,40,4.02,PT,1728917661
87,nieuw amsterdam,5.8833,-55.0833,33.01,55,40,1.03,SR,1728917663
88,mejit,10.2753,170.8646,28.26,79,100,8.22,MH,1728917664
89,hasaki,35.7333,140.8333,21.37,61,84,4.89,JP,1728917665
90,luganville,-15.5333,167.1667,24.8,86,100,5.1,VU,1728917666
91,luderitz,-26.6481,15.1594,22.09,49,1,15.76,NA,1728917667
92,cockburn town,21.4612,-71.1419,29.01,72,100,4.75,TC,1728917668
93,susuman,62.7833,148.1667,-7.59,96,100,1.4,RU,1728917669
94,huarmey,-10.0681,-78.1522,20.29,75,35,3.96,PE,1728917670
95,port lincoln,-34.7333,135.8667,16.37,90,100,2.98,AU,1728917671
96,argo,37.6333,22.7333,24.12,57,76,1.41,GR,1728917673
97,bredasdorp,-34.5322,20.0403,16.61,54,30,8.01,ZA,1728917674
98,wau,7.7029,27.9953,29.15,66,41,1.5,SS,1728917675
99,blackmans bay,-43.0167,147.3167,3.74,91,0,0.45,AU,1728917676
100,chom bueng,13.62,99.5917,25.64,87,100,1.28,TH,1728917677
101,impfondo,1.6381,18.0667,28.06,66,76,1.21,CG,1728917678
102,shenjiamen,29.9576,122.298,23.36,92,0,2.43,CN,1728917679
103,suva,-18.1416,178.4415,23.71,94,75,1.54,FJ,1728917429
104,trairi,-3.2778,-39.2689,30.68,54,1,7.93,BR,1728917542
105,san vicente de canete,-13.0751,-76.3835,19.4,74,63,3.92,PE,1728917683
106,roma,43.2128,-75.4557,8.71,95,100,2.06,US,1728917685
107,goundam,16.4145,-3.6708,39.04,20,13,4.8,ML,1728917686
108,ushuaia,-54.8,-68.3,9.81,57,0,2.06,AR,1728917687
109,west island,-12.1568,96.8225,26.99,83,75,6.17,CC,1728917688
110,bamboo flat,11.7,92.7167,29.05,79,40,1.03,IN,1728917690
111,dapa,9.7594,126.0531,28.22,76,86,2.7,PH,1728917691
112,sirte,31.2089,16.5887,24.88,59,1,4.75,LY,1728917692
113,okha,53.5739,142.9478,9.7,77,86,6.84,RU,1728917693
114,camana,-16.6228,-72.7111,19.77,74,81,4.66,PE,1728917694
115,al bahah,20.0129,41.4677,20.3,53,64,3.06,SA,1728917695
116,road town,18.4167,-64.6167,32.02,62,20,4.12,VG,1728917698
117,rio grande,-32.035,-52.0986,21.12,73,100,8.71,BR,1728917699
118,ironwood,46.4547,-90.171,2.45,100,100,2.06,US,1728917700
119,acarau,-2.8856,-40.12,31.39,54,1,9.74,BR,1728917413
120,yellowknife,62.456,-114.3525,6.34,99,100,4.12,CA,1728917702
121,kwang binh,17.4833,106.6,25.56,91,16,1.52,VN,1728917703
122,marsh harbour,26.5412,-77.0636,27.36,78,100,4.79,BS,1728917704
123,kralendijk,12.15,-68.2667,24.99,94,94,3.09,BQ,1728917705
124,gilgit,35.9221,74.3087,17.92,32,20,1.37,PK,1728917706
125,wuwei,37.9281,102.6414,13.79,39,34,2.1,CN,1728917708
126,island harbour,50.724,-1.2758,15.57,68,86,0.45,GB,1728917709
127,gonabad,34.3529,58.6837,24.28,20,39,2.62,IR,1728917710
128,balabac,7.9868,117.0645,28.31,76,99,2.8,PH,1728917711
129,sandnessjoen,66.0217,12.6316,5.06,87,40,2.06,NO,1728917712
130,chibougamau,49.9168,-74.3659,2.79,93,100,3.09,CA,1728917714
131,hawaiian paradise park,19.5933,-154.9731,22.72,100,0,1.54,US,1728917716
132,remire-montjoly,4.9167,-52.2667,32.02,58,75,4.12,GF,1728917717
133,fisterra,42.9049,-9.2629,18.97,83,100,1.14,ES,1728917718
134,crane,31.3974,-102.3501,23.14,28,7,5.07,US,1728917719
135,sihanoukville,10.6093,103.5296,25.97,94,40,0.51,KH,1728917720
136,udachny,66.4167,112.4,-7.77,94,100,5.71,RU,1728917721
137,severo-yeniseyskiy,60.3725,93.0408,-3.19,91,98,3.76,RU,1728917723
138,byron bay,-28.65,153.6167,17.25,78,100,3.25,AU,1728917724
139,enewetak,11.3474,162.3373,28.65,77,100,5.09,MH,1728917725
140,porto novo,6.4965,2.6036,28.9,80,96,2.67,BJ,1728917726
141,hermanus,-34.4187,19.2345,18.22,57,0,10.24,ZA,1728917655
142,kruisfontein,-34.0033,24.7314,16.04,54,61,8.29,ZA,1728917728
143,karratha,-20.7377,116.8463,29.67,17,4,7.55,AU,1728917729
144,nguigmi,14.2495,13.1092,33.68,34,89,5.04,NE,1728917730
145,shingu,33.7333,135.9833,21.77,79,64,4.29,JP,1728917731
146,selfoss,63.9331,-20.9971,3.36,50,94,2.91,IS,1728917733
147,katabu,-4.9333,122.5167,23.85,96,66,1.63,ID,1728917734
148,tondano,1.3038,124.9112,20.05,91,36,0.33,ID,1728917735
149,ola,59.5833,151.2833,3.26,82,100,3.84,RU,1728917736
150,vegreville,53.5001,-112.0518,2.17,86,45,3.09,CA,1728917737
151,kurumkan,54.3,110.3,-6.3,61,47,1.55,RU,1728917738
152,badger,64.8,-147.5333,-0.86,95,100,1.54,US,1728917739
153,spring creek,40.7266,-115.5859,-0.17,34,0,0.43,US,1728917741
154,cassilandia,-19.1133,-51.7342,36.51,24,100,2.34,BR,1728917535
155,djibo,14.1022,-1.6306,36.67,26,48,3.56,BF,1728917743
156,saint-leu,-21.15,55.2833,23.48,93,19,3.0,RE,1728917744
157,suining,30.508,105.5733,22.35,69,100,2.05,CN,1728917745
158,san antonio de pale,-1.4014,5.6325,26.04,77,26,5.49,GQ,1728917746
159,timimoun,29.2639,0.231,33.21,25,40,3.09,DZ,1728917747
160,quellon,-43.1167,-73.6167,12.05,63,12,1.97,CL,1728917748
161,heniches'k,46.1759,34.8034,17.21,73,100,5.8,UA,1728917749
162,mount gambier,-37.8333,140.7667,10.96,82,64,3.6,AU,1728917751
163,chos malal,-37.3781,-70.2709,18.1,26,33,2.6,AR,1728917752
164,whitehorse,60.7161,-135.0538,4.43,77,75,5.14,CA,1728917753
165,keflavik,64.0049,-22.5624,4.24,52,75,2.57,IS,1728917754
166,edd,13.9297,41.6925,31.64,60,41,3.85,ER,1728917755
167,stanley,54.868,-1.6985,11.82,63,0,2.06,GB,1728917756
168,shahr-e babak,30.1165,55.1186,22.73,18,41,1.31,IR,1728917757
169,hirara,24.8,125.2833,25.15,83,100,3.09,JP,1728917758
170,queenstown,-31.8976,26.8753,14.92,55,96,6.87,ZA,1728917711
171,bel ombre,-4.6167,55.4167,27.91,74,20,5.66,SC,1728917761
172,hilo,19.7297,-155.09,22.84,100,0,1.54,US,1728917762
173,namibe,-15.1961,12.1522,23.7,77,37,5.85,AO,1728917699
174,vilyuchinsk,52.9306,158.4028,7.15,81,45,4.41,RU,1728917764
175,namdrik,5.5994,168.1028,29.57,71,88,6.44,MH,1728917765
176,villa gesell,-37.2639,-56.973,18.92,62,100,9.26,AR,1728917766
177,nagqu,31.5,92.0,3.37,39,100,2.07,CN,1728917768
178,sao felix do xingu,-6.6447,-51.995,39.68,23,42,1.33,BR,1728917769
179,bardai,11.65,7.2333,30.92,43,100,2.1,NG,1728917770
180,uglegorsk,49.0833,142.0333,13.88,84,100,6.97,RU,1728917771
181,segarcea,44.1,23.75,23.14,29,3,7.05,RO,1728917772
182,chonchi,-42.6128,-73.8092,14.41,49,17,0.97,CL,1728917773
183,punta arenas,-53.15,-70.9167,10.06,62,75,9.26,CL,1728917440
184,coyhaique,-45.5752,-72.0662,10.51,69,37,3.55,CL,1728917721
185,likasi,-10.9814,26.7333,19.74,78,100,3.45,CD,1728917776
186,leava,-14.3,-178.1667,26.76,81,100,7.59,WF,1728917778
187,timbuktu,16.7735,-3.0074,39.39,18,9,4.4,ML,1728917779
188,ulan-ude,51.8261,107.6098,-7.06,68,60,1.0,RU,1728917780
189,akrehamn,59.2667,5.1833,8.14,66,75,3.6,NO,1728917781
190,pandan,14.0453,124.1694,27.18,88,100,3.09,PH,1728917782
191,iskateley,67.6803,53.1512,1.02,98,100,4.67,RU,1728917783
192,sol'tsy,58.1239,30.3238,6.75,95,100,1.75,RU,1728917784
193,yemel'yanovo,56.1681,92.6767,1.45,44,0,6.0,RU,1728917785
194,dudinka,69.4058,86.1778,-14.51,96,58,2.0,RU,1728917786
195,kodiak,57.79,-152.4072,7.73,87,75,3.6,US,1728917502
196,kill devil hills,36.0307,-75.676,23.32,70,0,4.12,US,1728917789
197,hellertown,40.5795,-75.3407,17.16,51,0,7.2,US,1728917790
198,labrador city,52.9463,-66.9114,0.1,75,100,30.4,CA,1728917791
199,gorontalo,0.5412,123.0595,24.62,95,94,1.1,ID,1728917792
200,brokopondo,4.75,-55.1667,29.33,58,80,0.67,SR,1728917793
201,longyearbyen,78.2186,15.6401,3.91,75,40,7.2,SJ,1728917794
202,changji,44.0167,87.3167,14.44,51,0,1.0,CN,1728917795
203,vila velha,-20.3297,-40.2925,26.97,66,75,7.72,BR,1728917546
204,ta`u,-14.2336,-169.5144,26.56,80,64,9.02,AS,1728917798
205,anqing,30.5092,117.0506,21.01,83,100,0.3,CN,1728917799
206,hamilton,39.1834,-84.5333,11.47,66,100,5.66,US,1728917800
207,misratah,32.3754,15.0925,25.18,56,0,4.49,LY,1728917801
208,avanhard,48.448,33.6899,11.92,52,59,3.77,UA,1728917802
209,paoy paet,13.6561,102.5625,26.2,85,99,1.81,KH,1728917803
210,katsuura,35.1333,140.3,21.22,69,85,5.84,JP,1728917805
211,sayaxche,16.5167,-90.1667,24.2,84,99,1.32,GT,1728917806
212,wailua homesteads,22.0669,-159.378,25.44,73,40,6.17,US,1728917807
213,tolanaro,-25.0319,46.9987,24.04,78,20,11.83,MG,1728917808
214,urangan,-25.3,152.9,20.68,74,100,4.36,AU,1728917809
215,saynshand,44.8824,110.1163,2.36,37,1,5.02,MN,1728917812
216,la'ie,21.6477,-157.9253,23.66,91,67,5.36,US,1728917813
217,fort bragg,35.139,-79.006,23.28,67,0,5.14,US,1728917817
218,saldanha,-33.0117,17.9442,17.45,57,0,13.78,ZA,1728917818
219,kone,-21.0595,164.8658,17.55,77,24,2.73,NC,1728917819
220,geraldton,-28.7667,114.6,18.23,88,100,0.0,AU,1728917820
221,st. john's,47.5649,-52.7093,11.65,76,75,7.72,CA,1728917821
222,jamestown,42.097,-79.2353,5.57,94,100,4.63,US,1728917822
223,fort saskatchewan,53.7168,-113.2187,5.43,62,25,3.27,CA,1728917779
224,micheweni,-4.9667,39.8333,26.0,78,96,4.82,TZ,1728917825
225,leua,48.2156,18.6071,12.83,56,100,2.33,SK,1728917826
226,puerto gaitan,4.3133,-72.0816,27.5,73,99,2.14,CO,1728917828
227,hirtshals,57.5881,9.9592,10.03,70,100,5.96,DK,1728917829
228,tual,-5.6667,132.75,27.75,79,92,7.97,ID,1728917832
229,korla,41.7597,86.1469,18.17,34,52,3.11,CN,1728917833
230,lindi,-10.0,39.7167,26.43,70,98,3.69,TZ,1728917834
231,kassala,15.451,36.4,36.82,20,38,2.64,SD,1728917836
232,necochea,-38.5473,-58.7368,22.51,48,99,6.3,AR,1728917733
233,chinju,35.1928,128.0847,17.52,97,100,1.65,KR,1728917841
234,happy valley-goose bay,53.3168,-60.3315,5.17,75,75,3.6,CA,1728917842
235,peace river,56.2501,-117.286,10.92,73,75,1.54,CA,1728917714
236,pangody,65.85,74.4859,-0.87,90,55,4.44,RU,1728917844
237,jinzhou,41.1078,121.1417,14.16,43,37,7.07,CN,1728917846
238,kattivakkam,13.2167,80.3167,27.05,97,100,4.79,IN,1728917847
239,klaksvik,62.2266,-6.589,10.03,94,91,8.74,FO,1728917848
240,bollnas,61.3482,16.3946,5.87,83,71,3.47,SE,1728917849
241,tazovsky,67.4667,78.7,1.46,90,99,8.23,RU,1728917850
242,mhamid,29.82,-5.72,28.08,24,40,7.8,MA,1728917851
243,tocopilla,-22.092,-70.1979,21.05,65,3,4.17,CL,1728917764
244,sungai raya,0.7,108.9,26.28,86,100,2.48,ID,1728917854
245,lihue,21.9789,-159.3672,25.77,73,40,6.17,US,1728917855
246,al jawf,29.5,38.75,28.9,21,0,1.84,SA,1728917856
247,kamaishi,39.2667,141.8833,14.3,83,100,2.0,JP,1728917858
248,aykhal,66.0,111.5,-8.72,94,100,5.49,RU,1728917859
249,abeche,13.8292,20.8324,37.01,22,20,2.06,TD,1728917796
250,sinabang,2.4803,96.3801,26.26,82,100,4.24,ID,1728917862
251,hugo,45.16,-92.9933,4.95,88,62,0.89,US,1728917857
252,ust-tsilma,65.441,52.1498,2.36,89,100,3.25,RU,1728917864
253,tsiombe,-25.3,45.4833,26.3,53,66,3.07,MG,1728917865
254,freeport,40.6576,-73.5832,16.66,79,75,1.54,US,1728917866
255,mount isa,-20.7333,139.5,18.87,77,67,0.0,AU,1728917867
256,pacasmayo,-7.4006,-79.5714,20.19,73,58,4.57,PE,1728917869
257,hithadhoo,-0.6,73.0833,28.24,73,38,4.23,MV,1728917870
258,urucara,-2.5364,-57.76,39.01,25,82,2.18,BR,1728917871
259,wakkanai,45.4094,141.6739,14.9,79,35,9.37,JP,1728917872
260,kailua-kona,19.6406,-155.9956,24.22,73,0,3.6,US,1728917873
261,carnarvon,-24.8667,113.6333,19.88,70,0,9.14,AU,1728917874
262,lincheng,19.9078,109.6858,25.06,90,1,4.8,CN,1728917876
263,monywa,22.1167,95.1333,27.52,77,47,1.06,MM,1728917877
264,nova sintra,14.8667,-24.7167,27.18,79,73,3.06,CV,1728917878
265,sidney,-33.8679,151.2073,15.76,89,96,0.45,AU,1728917671
266,tamanrasset,22.785,5.5228,32.95,12,40,5.66,DZ,1728917881
267,alice springs,-23.7,133.8833,25.75,36,24,3.6,AU,1728917882
268,riverton,40.5219,-111.9391,18.55,42,16,3.13,US,1728917641
269,tucuma,-0.1833,-50.05,32.75,51,13,3.86,BR,1728917884
270,punta del este,-34.9667,-54.95,21.06,78,100,5.14,UY,1728917885
271,kayyerkan,69.3786,87.7439,-14.39,98,100,2.09,RU,1728917886
272,bosobolo,4.1833,19.9,25.81,87,89,0.95,CD,1728917887
273,arfoud,31.4348,-4.2375,23.33,41,88,9.37,MA,1728917888
274,port elizabeth,-33.918,25.5701,15.16,95,75,5.66,ZA,1728917890
275,linfen,36.0889,111.5189,22.16,41,56,0.46,CN,1728917891
276,nemuro,43.3236,145.575,14.91,79,94,7.54,JP,1728917892
277,ust-nera,64.5667,143.2,-11.53,93,78,3.41,RU,1728917894
278,matthew town,20.95,-73.6667,30.43,69,80,3.45,BS,1728917895
279,taoudenni,22.6783,-3.9836,39.42,12,29,5.06,ML,1728917896
280,potosi,-19.5836,-65.7531,13.48,47,20,4.12,BO,1728917897
281,kudat,6.8837,116.8477,25.96,94,56,1.54,MY,1728917770
282,shahba,32.8551,36.629,23.61,44,0,5.79,SY,1728917900
283,sarina,-21.4333,149.2167,21.45,1,44,4.03,AU,1728917901
284,lebu,-37.6167,-73.65,13.37,74,1,5.56,CL,1728917902
285,gbadolite,4.2833,21.0167,26.96,81,50,1.86,CD,1728917903
286,ingeniero guillermo n. juarez,-23.9,-61.85,38.38,27,100,7.34,AR,1728917904
287,khed,17.7167,73.3833,24.26,98,96,0.55,IN,1728917906
288,ugoofaaru,5.6667,73.0,27.59,81,100,5.31,MV,1728917907
289,humaita,-7.5061,-63.0208,38.62,29,76,1.53,BR,1728917908
290,benghazi,32.1167,20.0667,24.35,63,0,6.85,LY,1728917750
291,christchurch,-43.5333,172.6333,3.3,81,76,1.02,NZ,1728917224
292,volchikha,52.0333,80.3833,-2.66,68,6,2.04,RU,1728917911
293,ekibastuz,51.6667,75.3667,-1.74,64,63,2.86,KZ,1728917914
294,shahrud,36.4182,54.9763,16.74,53,20,5.98,IR,1728917915
295,les cayes,18.2,-73.75,31.15,61,46,4.38,HT,1728917916
296,cabo san lucas,22.8909,-109.9124,27.84,65,0,2.52,MX,1728917760
297,pont rouge,48.8833,-72.0825,6.81,66,100,2.9,CA,1728917918
298,bikenibeu village,1.3673,173.1241,28.98,84,40,5.14,KI,1728917919
299,irymple,-34.25,142.1667,17.27,53,6,3.35,AU,1728917920
300,cannonvale,-20.2833,148.7,22.66,79,13,7.07,AU,1728917921
301,berezovyy,51.6667,135.7,8.98,73,90,1.8,RU,1728917922
302,mount pearl,47.5166,-52.7813,11.19,78,75,7.72,CA,1728917924
303,al kawa,13.7463,32.4996,36.58,26,21,1.75,SD,1728917925
304,kismayo,-0.3582,42.5454,26.0,80,80,6.89,SO,1728917926
305,dryden,49.7833,-92.7503,1.16,93,100,3.09,CA,1728917927
306,hotan,37.0997,79.9269,19.91,15,1,1.76,CN,1728917928
307,tari,-11.1105,14.3559,25.39,54,24,4.42,AO,1728917929
308,dunedin,-45.8742,170.5036,7.67,92,100,3.13,NZ,1728917930
309,lompoc,34.6391,-120.4579,14.83,90,100,2.06,US,1728917734
310,wewak,-3.5534,143.6268,26.6,83,75,0.49,PG,1728917932
311,soritor,-6.1392,-77.1039,20.84,93,92,0.91,PE,1728917934
312,dunhua,43.3725,128.2425,15.23,67,99,6.15,CN,1728917935
313,east london,-33.0153,27.9116,18.52,63,40,11.83,ZA,1728917936
314,ipora,-16.4419,-51.1178,36.1,29,86,4.21,BR,1728917937
315,lang son,21.8333,106.7333,22.74,79,26,1.12,VN,1728917938
316,podhum,43.7231,17.0011,18.78,69,10,1.84,BA,1728917939
317,nova vicosa,-17.8919,-39.3719,26.47,67,79,6.75,BR,1728917940
318,gumi,36.1136,128.336,16.75,99,100,0.88,KR,1728917941
319,erdenet,49.0333,104.0833,-5.04,83,15,2.36,MN,1728917942
320,nasiriyah,31.0521,46.261,35.67,15,0,3.2,IQ,1728917895
321,chui,-33.6971,-53.4616,18.85,81,100,6.25,UY,1728917945
322,toliara,-23.35,43.6667,25.02,65,23,2.89,MG,1728917946
323,kingston,17.997,-76.7936,31.2,79,20,3.09,JM,1728917361
324,kudahuvadhoo,2.6708,72.8944,27.9,76,66,5.76,MV,1728917948
325,baranchinskiy,58.1617,59.6991,-2.69,85,31,2.04,RU,1728917949
326,mungwi,-10.1732,31.3694,31.51,17,91,0.86,ZM,1728917950
327,posto fiscal rolim de moura,-13.0833,-62.2667,37.02,32,85,1.77,BR,1728917951
328,dauphin,51.1494,-100.0502,2.08,93,75,7.2,CA,1728917952
329,mezzolombardo,46.209,11.0968,17.97,69,0,2.06,IT,1728917954
330,riviere-du-loup,47.8304,-69.5342,5.49,93,100,1.54,CA,1728917955
331,malvan,16.0667,73.4667,27.38,83,100,0.78,IN,1728917945
332,auki,-8.7676,160.7034,24.89,91,67,1.46,SB,1728917958
333,imbituba,-28.24,-48.6703,21.92,67,100,7.29,BR,1728917959
334,rabigh,22.7986,39.0349,31.96,49,0,6.16,SA,1728917961
335,revda,56.801,59.9303,-3.67,89,13,1.36,RU,1728917963
336,margate,51.3813,1.3862,11.6,84,100,0.45,GB,1728917964
337,quincy,42.2529,-71.0023,12.38,95,100,3.09,US,1728917965
338,hammerfest,70.6634,23.6821,6.25,75,75,1.03,NO,1728917966
339,mezhdurechenskiy,59.6,65.9333,1.9,74,100,1.55,RU,1728917967
340,lashio,22.9333,97.75,19.8,96,3,0.34,MM,1728917968
341,vryburg,-26.9566,24.7284,35.16,8,100,4.05,ZA,1728917969
342,port arthur,38.8,121.2667,14.12,85,0,1.44,CN,1728917971
343,kendari,-3.945,122.4989,24.47,94,100,0.67,ID,1728917972
344,isla del bosque,22.7333,-105.85,26.97,67,0,2.1,MX,1728917973
345,kuanda,56.3161,116.0806,-12.84,80,13,0.59,RU,1728917974
346,port hueneme,34.1478,-119.1951,16.6,91,100,3.09,US,1728917939
347,mutum biyu,8.6333,10.7667,23.53,91,99,1.87,NG,1728917976
348,aghajari,30.7006,49.8315,35.12,26,0,3.09,IR,1728917978
349,holualoa,19.6228,-155.9522,22.15,72,0,3.6,US,1728917915
350,jertih,5.7336,102.4897,25.43,91,100,1.14,MY,1728917981
351,bure,10.7,37.0667,15.89,90,100,0.82,ET,1728917982
352,khandyga,62.6667,135.6,-11.36,98,94,0.75,RU,1728917983
353,norfolk,42.1668,-71.2495,11.48,95,100,0.45,US,1728917763
354,harstad,68.799,16.5293,5.09,92,73,4.02,NO,1728917985
355,totness,5.8833,-56.3167,31.11,60,15,3.75,SR,1728917987
356,hacienda huancane,-15.8222,-70.8856,7.35,55,84,2.27,PE,1728917989
357,grande prairie,55.1667,-118.8027,6.1,81,75,0.0,CA,1728917708
358,deming,32.2687,-107.7586,20.81,20,0,3.84,US,1728917991
359,nuuk,64.1835,-51.7216,1.89,69,2,4.7,GL,1728917992
360,dubbo,-32.25,148.6167,13.07,94,100,3.6,AU,1728917993
361,suklayin,15.7574,121.5503,25.15,94,100,0.89,PH,1728917994
362,tibanbang,6.6315,126.1055,28.38,75,31,1.6,PH,1728917996
363,ahar,38.4774,47.0699,13.38,84,96,4.58,IR,1728917997
364,traralgon,-38.1833,146.5333,12.48,78,100,4.65,AU,1728917998
365,souillac,-20.5167,57.5167,23.21,73,40,4.63,MU,1728917999
366,san andres,12.5847,-81.7006,28.01,78,20,3.09,CO,1728918000
367,djougou,9.7085,1.666,27.19,66,77,1.35,BJ,1728918001
368,south upi,6.8333,124.15,23.37,88,100,1.56,PH,1728918003
369,beloyarskiy,63.7119,66.6722,1.5,91,100,2.57,RU,1728918005
370,wiang sa,8.6359,99.3666,25.94,89,99,0.52,TH,1728918006
371,uturoa,-16.7333,-151.4333,25.09,65,55,2.95,PF,1728918007
372,ryotsu-minato,38.0833,138.4333,19.05,76,99,2.1,JP,1728918008
373,yendi,9.4427,-0.0099,29.51,63,37,2.4,GH,1728918009
374,baskale,38.0453,44.0172,12.46,41,78,3.77,TR,1728918010
375,thinadhoo,0.5333,72.9333,28.23,75,76,4.83,MV,1728918013
376,sarai,53.7458,41.0213,5.53,74,100,7.97,RU,1728918014
377,les avirons,-21.2418,55.3394,22.05,73,0,6.17,RE,1728918015
378,richards bay,-28.783,32.0377,20.24,88,100,7.84,ZA,1728918016
379,kibara,-2.15,33.45,25.57,55,8,5.58,TZ,1728918017
380,abepura,-2.6333,140.5833,24.45,88,40,1.03,ID,1728918018
381,rosetta,31.4044,30.4164,24.99,64,3,5.6,EG,1728918020
382,gifford,27.6753,-80.4092,28.92,75,2,2.24,US,1728918021
383,xining,36.6167,101.7667,10.57,65,4,1.19,CN,1728918022
384,chipata,-13.6333,32.65,31.48,21,92,3.3,ZM,1728918023
385,cruzeiro do sul,-29.5128,-51.9853,29.18,56,68,2.15,BR,1728918024
386,turaif,31.6725,38.6637,30.14,17,0,4.12,SA,1728918025
387,bethanie,-26.4833,17.15,32.19,11,0,6.53,NA,1728918026
388,belyye stolby,55.3314,37.854,-0.08,100,100,5.0,RU,1728918027
389,ilanskiy,56.2358,96.065,-0.29,58,100,5.45,RU,1728918028
390,tyukhtet,56.5389,89.3011,-2.28,95,100,3.25,RU,1728918030
391,dalandzadgad,43.5708,104.425,6.5,49,15,3.2,MN,1728918031
392,songjianghe,42.1859,127.479,10.55,88,80,2.0,CN,1728918032
393,praia da vitoria,38.7333,-27.0667,22.14,83,75,5.74,PT,1728918033
394,boyolangu,-8.1181,111.8935,24.59,92,96,1.31,ID,1728918034
395,mumford,5.2618,-0.759,26.79,76,24,4.65,GH,1728918035
396,kapa'a,22.0752,-159.319,26.18,95,40,6.17,US,1728918036
397,kirensk,57.7853,108.1119,-3.38,93,100,6.3,RU,1728918037
398,mossel bay,-34.1831,22.146,17.96,67,61,6.08,ZA,1728918034
399,islamkot,24.6997,70.177,31.48,37,60,2.97,PK,1728918040
400,fortuna,40.5982,-124.1573,12.51,98,100,0.0,US,1728918041
401,oshakati,-17.7833,15.6833,33.93,12,2,3.24,NA,1728918042
402,sao joao da barra,-21.6403,-41.0511,26.05,61,85,5.52,BR,1728918043
403,zaragoza,41.6561,-0.8773,23.03,73,20,2.06,ES,1728917746
404,howrah,22.5892,88.3103,29.0,74,20,1.54,IN,1728918045
405,zalau,47.2,23.05,12.99,44,2,4.78,RO,1728918046
406,mar del plata,-38.0023,-57.5575,19.01,86,75,5.14,AR,1728917186
407,saint-pierre,-21.3393,55.4781,23.82,73,0,6.17,RE,1728918049
408,bukama,-9.2,25.85,23.94,77,99,2.94,CD,1728918050
409,lake city,30.1897,-82.6393,23.72,68,0,2.57,US,1728918002
410,meiganga,6.5167,14.3,24.14,79,36,2.46,CM,1728917767
411,nema,57.5067,50.5011,1.3,57,78,3.01,RU,1728918053
412,tabou,4.423,-7.3528,26.65,80,100,4.45,CI,1728918054
413,kegen,43.0197,79.2203,6.88,71,87,0.98,KZ,1728918055
414,formosa do rio preto,-11.0483,-45.1931,37.25,23,80,3.61,BR,1728918057
415,bondo,3.8146,23.6866,25.93,77,98,0.35,CD,1728918058
416,freetown,8.484,-13.2299,26.3,72,100,1.19,SL,1728918059
417,oruro,-17.9833,-67.15,13.27,54,20,3.6,BO,1728918060
418,washougal,45.5826,-122.3534,13.95,91,39,1.34,US,1728918061
419,fuglafjordur,62.244,-6.814,9.75,93,74,4.93,FO,1728918062
420,tadine,-21.55,167.8833,20.52,64,100,6.69,NC,1728918063
421,sawai madhopur,25.9833,76.3667,27.03,59,13,1.8,IN,1728918064
422,lulea,65.5842,22.1547,6.04,87,75,1.92,SE,1728918066
423,teyateyaneng,-29.1472,27.7489,28.83,15,100,5.82,LS,1728918067
424,n'dalatando,-9.2978,14.9116,28.64,44,58,3.29,AO,1728918069
425,shimokizukuri,40.8061,140.3861,12.84,91,100,1.89,JP,1728918070
426,varde,55.6211,8.4807,13.43,62,20,4.63,DK,1728918071
427,kenora,49.8167,-94.4337,1.54,93,75,1.03,CA,1728918073
428,fort st. john,56.2499,-120.8529,8.94,81,75,3.6,CA,1728918007
429,afaahiti,-17.75,-149.2833,23.0,80,100,5.2,PF,1728918075
430,bedele,8.456,36.353,15.72,91,100,1.21,ET,1728918076
431,gebeit,21.0667,36.3167,31.62,26,82,5.78,SD,1728918077
432,martapura,-3.4167,114.85,27.05,89,20,1.03,ID,1728918078
433,maua,-23.6678,-46.4614,22.89,81,100,3.26,BR,1728918080
434,daman,20.4167,72.85,27.81,84,99,2.08,IN,1728918081
435,redencao,-4.2258,-38.7306,35.86,26,51,4.07,BR,1728918082
436,port moresby,-9.4431,147.1797,25.68,94,40,7.72,PG,1728918083
437,bidhuna,26.8022,79.5088,27.23,55,56,0.52,IN,1728918085
438,sinan,34.8262,126.1086,19.07,92,100,4.44,KR,1728918086
439,caleta de carquin,-11.0925,-77.6267,19.62,76,53,4.02,PE,1728918088
440,alotau,-10.3069,150.4462,24.45,94,52,0.78,PG,1728918090
441,toyooka,35.5333,134.8333,18.1,86,53,3.16,JP,1728918091
442,santa ana,33.7456,-117.8678,17.38,84,100,2.06,US,1728917993
443,daru,-9.0763,143.2092,26.04,87,88,5.53,PG,1728918094
444,limulunga,-15.0969,23.1376,27.19,43,29,6.45,ZM,1728918095
445,madang,-5.2246,145.7966,25.19,91,92,0.99,PG,1728918097
446,al khafji,28.4391,48.4913,30.18,60,0,6.72,SA,1728918098
447,falcon heights,44.9916,-93.1663,5.95,80,0,2.06,US,1728918100
448,stephenville,32.2207,-98.2023,20.08,33,0,3.6,US,1728917847
449,carauari,-4.8828,-66.8958,33.88,40,100,0.66,BR,1728918102
450,kannur,11.8675,75.3576,25.6,85,100,1.64,IN,1728918103
451,motomachi,43.8228,144.1044,10.75,91,99,2.81,JP,1728918104
452,konarka,19.9,86.1167,27.79,76,53,3.52,IN,1728918106
453,vernon,50.2581,-119.2691,7.74,81,100,1.03,CA,1728918107
454,boa vista,2.8197,-60.6733,32.99,46,40,6.17,BR,1728918108
455,siavonga,-16.5382,28.7088,33.22,33,50,2.79,ZM,1728918109
456,mayya,61.7333,130.2811,-6.38,89,99,2.51,RU,1728918110
457,castillos,-34.1667,-53.8333,17.9,81,100,5.26,UY,1728918111
458,opuwo,-18.0607,13.84,31.84,20,75,7.51,NA,1728918112
459,salahonda,2.1019,-78.7217,26.36,83,92,5.34,CO,1728918114
460,douglas,41.3,-96.167,7.69,67,0,2.06,US,1728918092
461,pathein,16.7833,94.7333,25.88,90,100,1.14,MM,1728918116
462,hoemul-li,41.4339,129.67,15.18,79,100,1.62,KP,1728918117
463,berriane,32.8265,3.7669,30.02,28,0,4.85,DZ,1728918118
464,nabire,-3.3667,135.4833,24.61,91,100,1.38,ID,1728918119
465,xinmin,41.9908,122.8253,12.92,45,99,6.83,CN,1728918120
466,black point,-34.6187,137.8972,17.29,85,100,5.74,AU,1728918121
467,kuching,1.55,110.3333,27.23,94,40,1.03,MY,1728917995
468,coquimbo,-29.9533,-71.3436,14.85,88,75,5.14,CL,1728917882
469,luwuk,-0.9516,122.7875,23.38,87,100,1.5,ID,1728918125
470,sinah,36.809,43.0389,25.44,30,100,1.48,IQ,1728918126
471,matanzas,23.0411,-81.5775,28.24,77,100,2.78,CU,1728918127
472,flying fish cove,-10.4217,105.6791,25.82,83,75,4.12,CX,1728918128
473,newcastle west,52.4492,-9.0611,10.62,77,96,2.48,IE,1728918129
474,kharp,66.8014,65.8081,0.73,92,100,3.32,RU,1728918130
475,downpatrick,54.3263,-5.7035,10.97,76,67,4.84,GB,1728918131
476,alofi,-19.0595,-169.9187,22.94,88,40,1.54,NU,1728918133
477,faya-largeau,17.9257,19.1043,37.66,8,63,5.26,TD,1728918134
478,inverell,-29.7833,151.1167,12.84,97,100,1.33,AU,1728918135
479,kenai,60.5544,-151.2583,5.64,85,71,4.6,US,1728918136
480,san juan del sur,11.2529,-85.8705,28.12,78,75,2.06,NI,1728918137
481,sar-e pul,35.8333,66.1667,15.6,39,1,0.28,AF,1728918138
482,hede,33.7681,120.2517,18.42,85,83,1.91,CN,1728918141
483,neryungri,56.6709,124.6491,-10.64,71,100,4.6,RU,1728918142
484,ginir,7.1333,40.7,16.11,83,93,0.1,ET,1728918143
485,mugia,43.1041,-9.2179,22.17,77,100,1.1,ES,1728918144
486,niederstetten,49.4,9.9194,10.93,93,75,1.54,DE,1728918104
487,sanctuary point,-35.1114,150.629,13.82,84,43,3.6,AU,1728918146
488,inarajan village,13.2736,144.7484,26.89,93,100,2.2,GU,1728918147
489,vel'sk,61.0701,42.0983,4.72,53,81,4.73,RU,1728918149
490,jizzax,40.1158,67.8422,11.55,91,100,1.12,UZ,1728918150
491,kisangani,0.5167,25.2,24.16,92,100,1.22,CD,1728918151
492,batouri,4.4333,14.3667,24.95,87,90,1.21,CM,1728918152
493,lakhtar,22.85,71.7833,30.47,63,89,2.8,IN,1728918153
494,kittila,67.6647,24.8936,4.23,100,100,3.6,FI,1728918155
495,devils lake,48.1128,-98.8651,6.99,76,100,1.54,US,1728918157
496,broome,42.2506,-75.833,10.56,81,100,5.66,US,1728918158
497,utrik,11.2278,169.8474,28.43,79,81,8.94,MH,1728918159
498,ilam,26.9167,87.9167,18.79,90,57,1.78,NP,1728918160
499,tezu,27.9167,96.1667,21.78,63,5,1.88,IN,1728918162
500,touros,-5.1989,-35.4608,29.97,51,8,6.94,BR,1728918163
501,peniche,39.3558,-9.3811,22.89,77,94,4.97,PT,1728918164
502,la gi,10.6667,107.7833,26.69,86,95,2.27,VN,1728918166
503,"laikit, laikit ii (dimembe)",1.4792,124.9735,22.47,94,20,0.51,ID,1728918167
504,pierre,44.3683,-100.351,7.93,64,5,3.58,US,1728918168
505,vrangel',42.7297,133.0839,15.04,93,99,3.15,RU,1728918169
506,qamdo,31.1667,97.2333,4.67,42,73,1.44,CN,1728918170
507,kijang,35.2442,129.2139,18.85,96,100,1.89,KR,1728918171
508,cooper's town,26.8667,-77.5167,26.96,77,100,5.31,BS,1728918172
509,viedma,-40.8135,-62.9967,18.09,76,100,5.96,AR,1728918117
510,pisco,-13.7,-76.2167,19.45,77,75,4.12,PE,1728918175
511,zhukovka,53.534,33.728,6.61,95,100,4.23,RU,1728918176
512,sambava,-14.2667,50.1667,23.93,80,8,5.31,MG,1728918177
513,mogocha,53.7333,119.7667,-8.45,71,4,1.22,RU,1728918179
514,frutal,-20.0247,-48.9406,35.74,30,52,3.5,BR,1728918037
515,fale old settlement,-9.3852,-171.2468,27.41,77,37,5.31,TK,1728918181
516,nhlangano,-27.1167,31.2,19.08,71,52,5.86,SZ,1728918183
517,azogues,-2.7333,-78.8333,13.97,67,76,3.46,EC,1728918184
518,nantucket,41.2835,-70.0995,19.52,82,75,4.12,US,1728918111
519,manokwari,-0.8667,134.0833,26.75,79,98,2.36,ID,1728918186
520,hauterive,46.0901,3.4459,23.01,66,100,0.18,FR,1728918187
521,kaoma,-14.7833,24.8,28.79,31,86,2.6,ZM,1728918188
522,papar,5.7333,115.9333,26.0,88,72,1.74,MY,1728918190
523,al hawatah,13.4167,34.6333,35.26,31,99,2.26,SD,1728918191
524,protaras,35.0125,34.0583,26.11,80,0,4.02,CY,1728918192
525,mahina,-17.5065,-149.489,22.87,78,75,2.06,PF,1728918193
526,cape coast,5.1053,-1.2466,27.38,76,33,4.57,GH,1728918100
527,maintirano,-18.0667,44.0167,26.05,62,3,4.05,MG,1728918195
528,yinchuan,38.4681,106.2731,15.93,31,0,3.01,CN,1728918196
529,gorom-gorom,14.4439,-0.2361,36.79,26,98,3.76,BF,1728918197
530,mugumu,-1.85,34.7,24.88,39,96,2.88,TZ,1728918051
531,manta,-0.95,-80.7333,24.88,73,100,2.06,EC,1728918200
532,amga,60.8953,131.9608,-11.67,98,100,0.89,RU,1728918201
533,vilyuysk,63.7553,121.6247,-9.75,94,76,3.02,RU,1728918202
534,cookeville,36.1628,-85.5016,12.58,58,5,1.34,US,1728918053
535,barentu,15.1139,37.5928,32.14,22,74,4.17,ER,1728917943
536,weiser,44.251,-116.9693,14.25,40,0,0.96,US,1728918206
537,eydhafushi,5.1033,73.0708,27.4,81,100,5.67,MV,1728918207
538,egilsstadir,65.2653,-14.3948,1.95,75,75,5.66,IS,1728918208
539,codajas,-3.8367,-62.0569,38.36,27,100,3.28,BR,1728918209
540,ataq,14.5377,46.8319,26.65,38,100,5.82,YE,1728918133
541,rumoi,43.9344,141.6428,12.29,89,100,4.13,JP,1728918211
542,orsa,54.5153,30.4053,7.17,83,100,2.89,BY,1728918212
543,srednebelaya,50.6594,128.0106,1.69,84,100,8.39,RU,1728918214
544,podgornoye,51.735,39.1496,4.12,93,100,6.0,RU,1728918215
545,palapye,-22.546,27.1251,34.98,12,69,0.57,BW,1728918216
546,phan rang-thap cham,11.5667,108.9833,25.67,91,100,1.51,VN,1728918217
547,caluula,11.9661,50.7569,29.48,64,98,1.09,SO,1728918219
548,xingcheng,40.6167,120.7167,16.49,84,6,3.65,CN,1728918220
549,noshiro,40.2039,140.0242,14.48,79,100,3.46,JP,1728918221
550,sao paulo de olivenca,-3.3783,-68.8725,33.84,44,89,0.98,BR,1728918222
551,pazaryeri,39.994,29.9042,14.29,65,100,3.3,TR,1728918223
552,amos,48.5669,-78.1162,1.64,89,100,4.67,CA,1728918129
553,constantia,44.1833,28.65,17.61,60,44,4.26,RO,1728918227
554,haiku-pauwela,20.9219,-156.3051,22.33,89,42,5.81,US,1728918228
555,port saint john's,-31.6229,29.5448,18.9,73,100,8.14,ZA,1728918229
556,gosaba,22.165,88.7998,26.55,72,11,1.9,IN,1728918230
557,great wakering,51.5533,0.8069,11.64,90,75,5.14,GB,1728918231
558,umm kaddadah,13.6017,26.6876,34.85,23,95,2.24,SD,1728918233
559,aginskoye,51.1,114.53,-5.57,61,0,6.27,RU,1728918235
560,banda aceh,5.5577,95.3222,25.55,83,100,6.35,ID,1728918014
561,kavieng,-2.5744,150.7967,28.27,78,100,4.64,PG,1728918237
562,darnah,32.767,22.6367,23.48,66,7,8.34,LY,1728918238
563,contamana,-7.3333,-75.0167,32.29,51,99,1.82,PE,1728918239
564,mercedes,-34.6515,-59.4307,19.88,72,100,3.71,AR,1728918240
565,oranjemund,-28.55,16.4333,16.22,72,6,12.4,NA,1728918241
566,ulsan,35.5372,129.3167,18.56,99,100,1.17,KR,1728918228
567,anshun,26.25,105.9333,15.4,90,100,0.65,CN,1728918244
568,kodinsk,58.6881,99.1844,-2.35,91,100,4.64,RU,1728918245
569,celestun,20.8667,-90.4,28.11,70,100,1.86,MX,1728918246
570,udon thani,17.3333,102.8333,27.95,78,0,0.51,TH,1728918247
571,kidal,18.4411,1.4078,36.74,19,88,5.09,ML,1728918248
572,cedral,23.8,-100.7333,16.4,56,0,1.2,MX,1728918038
573,farafangana,-22.8167,47.8333,23.09,75,93,6.44,MG,1728918250
574,ovruch,51.3246,28.8035,7.2,90,91,3.94,UA,1728918251
575,veinticinco de mayo,-35.4323,-60.1727,17.77,88,100,1.79,AR,1728918252
576,horasan,40.0458,42.1728,15.95,51,100,2.19,TR,1728918254
577,ostroleka,53.0862,21.5757,10.04,76,99,6.36,PL,1728918255
578,weyburn,49.6668,-103.8511,1.12,80,0,4.12,CA,1728918200
579,piti village,13.4626,144.6933,27.03,93,0,0.0,GU,1728918257
580,bristol,41.8334,-71.1662,13.08,96,100,1.34,US,1728918258
581,dashitou,43.3067,128.5114,13.81,75,100,2.66,CN,1728918259
582,san patricio,28.017,-97.5169,23.97,58,0,2.63,US,1728918260
583,taltal,-25.4,-70.4833,19.25,64,18,3.19,CL,1728918079
584,tahoua,14.8888,5.2692,31.99,48,0,2.06,NE,1728918263
585,vadso,70.0744,29.7487,6.09,75,75,8.23,NO,1728918264
586,santo antonio do ica,-3.1022,-67.9397,30.53,51,99,0.95,BR,1728918265
587,kavaratti,10.5669,72.642,27.38,81,100,1.81,IN,1728918266
588,port blair,11.6667,92.75,29.02,79,40,1.03,IN,1728918268
589,tshikapa,-6.4167,20.8,29.54,50,97,3.34,CD,1728918269
590,woodward,36.4337,-99.3904,12.2,43,0,2.06,US,1728918271
591,mawlamyine,16.4914,97.6256,26.7,80,78,0.81,MM,1728918272
592,agat village,13.3886,144.6585,26.87,93,0,0.0,GU,1728918273
593,boali,4.8005,18.1275,25.93,85,83,0.81,CF,1728918274
594,benxi,41.2886,123.765,14.85,95,17,2.04,CN,1728918275
595,santiago juxtlahuaca,17.3333,-98.0167,17.54,71,77,2.28,MX,1728918276
596,yadgir,16.7667,77.1333,25.8,79,100,4.58,IN,1728918277
597,saint-felicien,48.6501,-72.4491,3.28,100,100,2.57,CA,1728918279
